,precision,recall,f1-score,support
Adequate,0.6600505232767954,0.8686772738066968,0.7501281656926074,4211.0
Effective,0.6855263157894737,0.5563267485317672,0.6142057176539936,1873.0
Ineffective,0.5689655172413793,0.13012618296529968,0.21181001283697048,1268.0
accuracy,0.6617247007616975,0.6617247007616975,0.6617247007616975,0.6617247007616975
macro avg,0.6381807854358827,0.5183767351012546,0.5253812987278571,7352.0
weighted avg,0.6508313137723528,0.6617247007616975,0.6226567071782886,7352.0
