,precision,recall,f1-score,support
Adequate,0.6535049573838928,0.8921871289479933,0.7544176706827309,4211.0
Effective,0.6931659693165969,0.5306994127068874,0.6011490777139401,1873.0
Ineffective,0.6686390532544378,0.08911671924290221,0.15727209464161448,1268.0
accuracy,0.661588683351469,0.661588683351469,0.661588683351469,0.661588683351469
macro avg,0.6717699933183092,0.5040010869659276,0.5042796143460951,7352.0
weighted avg,0.6662191996191765,0.661588683351469,0.6123811275583184,7352.0
