Model,Accuracy
PyTorch NN,0.6678454842219804
Keras NN,0.6617247007616975
XGBoost,0.654107725788901
Logistic Regression,0.6490750816104461
