Model,Accuracy
Keras NN,0.6692056583242655
PyTorch NN,0.661588683351469
XGBoost,0.654107725788901
Logistic Regression,0.6490750816104461
