count,mean,std,min,25%,50%,75%,max
36757.0,249.37043284272383,262.6586891981202,4.0,87.0,155.0,315.0,4099.0
